<?xml version='1.0' encoding='UTF-8'?>
<j2ee:java-wsdl-mapping xmlns:j2ee="http://java.sun.com/xml/ns/j2ee" xmlns:xsi="http://www.w3.org/2001/XMLSchema-instance">
  <j2ee:package-mapping>
    <j2ee:package-type>net.umusic.milestone.alps</j2ee:package-type>
    <j2ee:namespaceURI>http://tempuri.org/</j2ee:namespaceURI>
  </j2ee:package-mapping>
  <j2ee:package-mapping>
    <j2ee:package-type>net.umusic.milestone.alps</j2ee:package-type>
    <j2ee:namespaceURI>http://alps.milestone.umusic.net/</j2ee:namespaceURI>
  </j2ee:package-mapping>
  <j2ee:package-mapping>
    <j2ee:package-type>com.microsoft.schemas.x2003.x10.serialization.arrays</j2ee:package-type>
    <j2ee:namespaceURI>http://schemas.microsoft.com/2003/10/Serialization/Arrays</j2ee:namespaceURI>
  </j2ee:package-mapping>
  <j2ee:java-xml-type-mapping>
    <j2ee:java-type>net.umusic.milestone.alps.ArrayOfdcProjectSearchResults</j2ee:java-type>
    <j2ee:root-type-qname xmlns:alps="http://alps.milestone.umusic.net/">alps:ArrayOfdcProjectSearchResults</j2ee:root-type-qname>
    <j2ee:qname-scope>complexType</j2ee:qname-scope>
    <j2ee:variable-mapping>
      <j2ee:java-variable-name>DcProjectSearchResults</j2ee:java-variable-name>
      <j2ee:xml-element-name>dcProjectSearchResults</j2ee:xml-element-name>
    </j2ee:variable-mapping>
  </j2ee:java-xml-type-mapping>
  <j2ee:java-xml-type-mapping>
    <j2ee:java-type>net.umusic.milestone.alps.DcProjectSearchFilter</j2ee:java-type>
    <j2ee:root-type-qname xmlns:alps="http://alps.milestone.umusic.net/">alps:dcProjectSearchFilter</j2ee:root-type-qname>
    <j2ee:qname-scope>complexType</j2ee:qname-scope>
    <j2ee:variable-mapping>
      <j2ee:java-variable-name>ArtistFirstName</j2ee:java-variable-name>
      <j2ee:xml-element-name>ArtistFirstName</j2ee:xml-element-name>
    </j2ee:variable-mapping>
    <j2ee:variable-mapping>
      <j2ee:java-variable-name>ArtistLastNameGroupName</j2ee:java-variable-name>
      <j2ee:xml-element-name>ArtistLastNameGroupName</j2ee:xml-element-name>
    </j2ee:variable-mapping>
    <j2ee:variable-mapping>
      <j2ee:java-variable-name>ProjectID</j2ee:java-variable-name>
      <j2ee:xml-element-name>ProjectID</j2ee:xml-element-name>
    </j2ee:variable-mapping>
    <j2ee:variable-mapping>
      <j2ee:java-variable-name>ProjectTitle</j2ee:java-variable-name>
      <j2ee:xml-element-name>ProjectTitle</j2ee:xml-element-name>
    </j2ee:variable-mapping>
    <j2ee:variable-mapping>
      <j2ee:java-variable-name>ProjectDescription</j2ee:java-variable-name>
      <j2ee:xml-element-name>ProjectDescription</j2ee:xml-element-name>
    </j2ee:variable-mapping>
    <j2ee:variable-mapping>
      <j2ee:java-variable-name>ArchimedesIDs</j2ee:java-variable-name>
      <j2ee:xml-element-name>ArchimedesIDs</j2ee:xml-element-name>
    </j2ee:variable-mapping>
    <j2ee:variable-mapping>
      <j2ee:java-variable-name>Active</j2ee:java-variable-name>
      <j2ee:xml-element-name>Active</j2ee:xml-element-name>
    </j2ee:variable-mapping>
    <j2ee:variable-mapping>
      <j2ee:java-variable-name>LevelOfActivityID</j2ee:java-variable-name>
      <j2ee:xml-element-name>LevelOfActivityID</j2ee:xml-element-name>
    </j2ee:variable-mapping>
    <j2ee:variable-mapping>
      <j2ee:java-variable-name>RowsToReturn</j2ee:java-variable-name>
      <j2ee:xml-element-name>rowsToReturn</j2ee:xml-element-name>
    </j2ee:variable-mapping>
  </j2ee:java-xml-type-mapping>
  <j2ee:java-xml-type-mapping>
    <j2ee:java-type>net.umusic.milestone.alps.DcLabelData</j2ee:java-type>
    <j2ee:root-type-qname xmlns:alps="http://alps.milestone.umusic.net/">alps:dcLabelData</j2ee:root-type-qname>
    <j2ee:qname-scope>complexType</j2ee:qname-scope>
    <j2ee:variable-mapping>
      <j2ee:java-variable-name>DistCoName</j2ee:java-variable-name>
      <j2ee:xml-element-name>DistCoName</j2ee:xml-element-name>
    </j2ee:variable-mapping>
    <j2ee:variable-mapping>
      <j2ee:java-variable-name>DistCoID</j2ee:java-variable-name>
      <j2ee:xml-element-name>DistCoID</j2ee:xml-element-name>
    </j2ee:variable-mapping>
    <j2ee:variable-mapping>
      <j2ee:java-variable-name>APNGInd</j2ee:java-variable-name>
      <j2ee:xml-element-name>APNGInd</j2ee:xml-element-name>
    </j2ee:variable-mapping>
    <j2ee:variable-mapping>
      <j2ee:java-variable-name>ArchimedesID</j2ee:java-variable-name>
      <j2ee:xml-element-name>ArchimedesID</j2ee:xml-element-name>
    </j2ee:variable-mapping>
    <j2ee:variable-mapping>
      <j2ee:java-variable-name>EntityName</j2ee:java-variable-name>
      <j2ee:xml-element-name>EntityName</j2ee:xml-element-name>
    </j2ee:variable-mapping>
    <j2ee:variable-mapping>
      <j2ee:java-variable-name>LegacyOperatingCo</j2ee:java-variable-name>
      <j2ee:xml-element-name>LegacyOperatingCo</j2ee:xml-element-name>
    </j2ee:variable-mapping>
    <j2ee:variable-mapping>
      <j2ee:java-variable-name>LegacyOperatingUnit</j2ee:java-variable-name>
      <j2ee:xml-element-name>LegacyOperatingUnit</j2ee:xml-element-name>
    </j2ee:variable-mapping>
    <j2ee:variable-mapping>
      <j2ee:java-variable-name>LegacySuperlabel</j2ee:java-variable-name>
      <j2ee:xml-element-name>LegacySuperlabel</j2ee:xml-element-name>
    </j2ee:variable-mapping>
    <j2ee:variable-mapping>
      <j2ee:java-variable-name>LegacySublabel</j2ee:java-variable-name>
      <j2ee:xml-element-name>LegacySublabel</j2ee:xml-element-name>
    </j2ee:variable-mapping>
    <j2ee:variable-mapping>
      <j2ee:java-variable-name>LevelOfActivity</j2ee:java-variable-name>
      <j2ee:xml-element-name>LevelOfActivity</j2ee:xml-element-name>
    </j2ee:variable-mapping>
    <j2ee:variable-mapping>
      <j2ee:java-variable-name>ProductionGroupCode</j2ee:java-variable-name>
      <j2ee:xml-element-name>ProductionGroupCode</j2ee:xml-element-name>
    </j2ee:variable-mapping>
    <j2ee:variable-mapping>
      <j2ee:java-variable-name>EntityType</j2ee:java-variable-name>
      <j2ee:xml-element-name>EntityType</j2ee:xml-element-name>
    </j2ee:variable-mapping>
  </j2ee:java-xml-type-mapping>
  <j2ee:java-xml-type-mapping>
    <j2ee:java-type>net.umusic.milestone.alps.ArrayOfdcLabelData</j2ee:java-type>
    <j2ee:root-type-qname xmlns:alps="http://alps.milestone.umusic.net/">alps:ArrayOfdcLabelData</j2ee:root-type-qname>
    <j2ee:qname-scope>complexType</j2ee:qname-scope>
    <j2ee:variable-mapping>
      <j2ee:java-variable-name>DcLabelData</j2ee:java-variable-name>
      <j2ee:xml-element-name>dcLabelData</j2ee:xml-element-name>
    </j2ee:variable-mapping>
  </j2ee:java-xml-type-mapping>
  <j2ee:java-xml-type-mapping>
    <j2ee:java-type>net.umusic.milestone.alps.DsProjectStructureInterface</j2ee:java-type>
    <j2ee:root-type-qname xmlns:alps="http://alps.milestone.umusic.net/">alps:dsProjectStructureInterface</j2ee:root-type-qname>
    <j2ee:qname-scope>complexType</j2ee:qname-scope>
    <j2ee:variable-mapping>
      <j2ee:java-variable-name>ARLevelOfActivityID</j2ee:java-variable-name>
      <j2ee:xml-element-name>ARLevelOfActivityID</j2ee:xml-element-name>
    </j2ee:variable-mapping>
    <j2ee:variable-mapping>
      <j2ee:java-variable-name>Active</j2ee:java-variable-name>
      <j2ee:xml-element-name>Active</j2ee:xml-element-name>
    </j2ee:variable-mapping>
    <j2ee:variable-mapping>
      <j2ee:java-variable-name>CompletedDate</j2ee:java-variable-name>
      <j2ee:xml-element-name>CompletedDate</j2ee:xml-element-name>
    </j2ee:variable-mapping>
    <j2ee:variable-mapping>
      <j2ee:java-variable-name>FirstName</j2ee:java-variable-name>
      <j2ee:xml-element-name>FirstName</j2ee:xml-element-name>
    </j2ee:variable-mapping>
    <j2ee:variable-mapping>
      <j2ee:java-variable-name>Imprint</j2ee:java-variable-name>
      <j2ee:xml-element-name>Imprint</j2ee:xml-element-name>
    </j2ee:variable-mapping>
    <j2ee:variable-mapping>
      <j2ee:java-variable-name>InitiatedDate</j2ee:java-variable-name>
      <j2ee:xml-element-name>InitiatedDate</j2ee:xml-element-name>
    </j2ee:variable-mapping>
    <j2ee:variable-mapping>
      <j2ee:java-variable-name>JDEProjectNumber</j2ee:java-variable-name>
      <j2ee:xml-element-name>JDEProjectNumber</j2ee:xml-element-name>
    </j2ee:variable-mapping>
    <j2ee:variable-mapping>
      <j2ee:java-variable-name>LabelID</j2ee:java-variable-name>
      <j2ee:xml-element-name>LabelID</j2ee:xml-element-name>
    </j2ee:variable-mapping>
    <j2ee:variable-mapping>
      <j2ee:java-variable-name>LastName</j2ee:java-variable-name>
      <j2ee:xml-element-name>LastName</j2ee:xml-element-name>
    </j2ee:variable-mapping>
    <j2ee:variable-mapping>
      <j2ee:java-variable-name>Name</j2ee:java-variable-name>
      <j2ee:xml-element-name>Name</j2ee:xml-element-name>
    </j2ee:variable-mapping>
    <j2ee:variable-mapping>
      <j2ee:java-variable-name>ProjectID</j2ee:java-variable-name>
      <j2ee:xml-element-name>ProjectID</j2ee:xml-element-name>
    </j2ee:variable-mapping>
    <j2ee:variable-mapping>
      <j2ee:java-variable-name>RMSProjectNumber</j2ee:java-variable-name>
      <j2ee:xml-element-name>RMSProjectNumber</j2ee:xml-element-name>
    </j2ee:variable-mapping>
    <j2ee:variable-mapping>
      <j2ee:java-variable-name>ServiceException</j2ee:java-variable-name>
      <j2ee:xml-element-name>ServiceException</j2ee:xml-element-name>
    </j2ee:variable-mapping>
    <j2ee:variable-mapping>
      <j2ee:java-variable-name>Title</j2ee:java-variable-name>
      <j2ee:xml-element-name>Title</j2ee:xml-element-name>
    </j2ee:variable-mapping>
  </j2ee:java-xml-type-mapping>
  <j2ee:java-xml-type-mapping>
    <j2ee:java-type>net.umusic.milestone.alps.DsLabelStructureInterface</j2ee:java-type>
    <j2ee:root-type-qname xmlns:alps="http://alps.milestone.umusic.net/">alps:dsLabelStructureInterface</j2ee:root-type-qname>
    <j2ee:qname-scope>complexType</j2ee:qname-scope>
    <j2ee:variable-mapping>
      <j2ee:java-variable-name>Company</j2ee:java-variable-name>
      <j2ee:xml-element-name>Company</j2ee:xml-element-name>
    </j2ee:variable-mapping>
    <j2ee:variable-mapping>
      <j2ee:java-variable-name>Division</j2ee:java-variable-name>
      <j2ee:xml-element-name>Division</j2ee:xml-element-name>
    </j2ee:variable-mapping>
    <j2ee:variable-mapping>
      <j2ee:java-variable-name>EntityName</j2ee:java-variable-name>
      <j2ee:xml-element-name>EntityName</j2ee:xml-element-name>
    </j2ee:variable-mapping>
    <j2ee:variable-mapping>
      <j2ee:java-variable-name>EntityType</j2ee:java-variable-name>
      <j2ee:xml-element-name>EntityType</j2ee:xml-element-name>
    </j2ee:variable-mapping>
    <j2ee:variable-mapping>
      <j2ee:java-variable-name>EnvironmentName</j2ee:java-variable-name>
      <j2ee:xml-element-name>EnvironmentName</j2ee:xml-element-name>
    </j2ee:variable-mapping>
    <j2ee:variable-mapping>
      <j2ee:java-variable-name>FamilyName</j2ee:java-variable-name>
      <j2ee:xml-element-name>FamilyName</j2ee:xml-element-name>
    </j2ee:variable-mapping>
    <j2ee:variable-mapping>
      <j2ee:java-variable-name>ID</j2ee:java-variable-name>
      <j2ee:xml-element-name>ID</j2ee:xml-element-name>
    </j2ee:variable-mapping>
    <j2ee:variable-mapping>
      <j2ee:java-variable-name>JDEReportingCo</j2ee:java-variable-name>
      <j2ee:xml-element-name>JDEReportingCo</j2ee:xml-element-name>
    </j2ee:variable-mapping>
    <j2ee:variable-mapping>
      <j2ee:java-variable-name>JDEReportingUnit</j2ee:java-variable-name>
      <j2ee:xml-element-name>JDEReportingUnit</j2ee:xml-element-name>
    </j2ee:variable-mapping>
    <j2ee:variable-mapping>
      <j2ee:java-variable-name>Label</j2ee:java-variable-name>
      <j2ee:xml-element-name>Label</j2ee:xml-element-name>
    </j2ee:variable-mapping>
    <j2ee:variable-mapping>
      <j2ee:java-variable-name>LegacyOperatingCo</j2ee:java-variable-name>
      <j2ee:xml-element-name>LegacyOperatingCo</j2ee:xml-element-name>
    </j2ee:variable-mapping>
    <j2ee:variable-mapping>
      <j2ee:java-variable-name>LegacyOperatingUnit</j2ee:java-variable-name>
      <j2ee:xml-element-name>LegacyOperatingUnit</j2ee:xml-element-name>
    </j2ee:variable-mapping>
    <j2ee:variable-mapping>
      <j2ee:java-variable-name>LegacySublabel</j2ee:java-variable-name>
      <j2ee:xml-element-name>LegacySublabel</j2ee:xml-element-name>
    </j2ee:variable-mapping>
    <j2ee:variable-mapping>
      <j2ee:java-variable-name>LegacySuperlabel</j2ee:java-variable-name>
      <j2ee:xml-element-name>LegacySuperlabel</j2ee:xml-element-name>
    </j2ee:variable-mapping>
  </j2ee:java-xml-type-mapping>
  <j2ee:java-xml-type-mapping>
    <j2ee:java-type>net.umusic.milestone.alps.ProjectNumberValidResults</j2ee:java-type>
    <j2ee:root-type-qname xmlns:alps="http://alps.milestone.umusic.net/">alps:ProjectNumberValidResults</j2ee:root-type-qname>
    <j2ee:qname-scope>complexType</j2ee:qname-scope>
    <j2ee:variable-mapping>
      <j2ee:java-variable-name>FirstName</j2ee:java-variable-name>
      <j2ee:xml-element-name>FirstName</j2ee:xml-element-name>
    </j2ee:variable-mapping>
    <j2ee:variable-mapping>
      <j2ee:java-variable-name>LastName</j2ee:java-variable-name>
      <j2ee:xml-element-name>LastName</j2ee:xml-element-name>
    </j2ee:variable-mapping>
    <j2ee:variable-mapping>
      <j2ee:java-variable-name>LabelID</j2ee:java-variable-name>
      <j2ee:xml-element-name>LabelID</j2ee:xml-element-name>
    </j2ee:variable-mapping>
    <j2ee:variable-mapping>
      <j2ee:java-variable-name>DivisionID</j2ee:java-variable-name>
      <j2ee:xml-element-name>DivisionID</j2ee:xml-element-name>
    </j2ee:variable-mapping>
    <j2ee:variable-mapping>
      <j2ee:java-variable-name>CompanyID</j2ee:java-variable-name>
      <j2ee:xml-element-name>CompanyID</j2ee:xml-element-name>
    </j2ee:variable-mapping>
    <j2ee:variable-mapping>
      <j2ee:java-variable-name>EnvironmentID</j2ee:java-variable-name>
      <j2ee:xml-element-name>EnvironmentID</j2ee:xml-element-name>
    </j2ee:variable-mapping>
    <j2ee:variable-mapping>
      <j2ee:java-variable-name>FamilyID</j2ee:java-variable-name>
      <j2ee:xml-element-name>FamilyID</j2ee:xml-element-name>
    </j2ee:variable-mapping>
    <j2ee:variable-mapping>
      <j2ee:java-variable-name>OperatingCo</j2ee:java-variable-name>
      <j2ee:xml-element-name>OperatingCo</j2ee:xml-element-name>
    </j2ee:variable-mapping>
    <j2ee:variable-mapping>
      <j2ee:java-variable-name>SuperLabel</j2ee:java-variable-name>
      <j2ee:xml-element-name>SuperLabel</j2ee:xml-element-name>
    </j2ee:variable-mapping>
    <j2ee:variable-mapping>
      <j2ee:java-variable-name>SubLabel</j2ee:java-variable-name>
      <j2ee:xml-element-name>SubLabel</j2ee:xml-element-name>
    </j2ee:variable-mapping>
    <j2ee:variable-mapping>
      <j2ee:java-variable-name>Imprint</j2ee:java-variable-name>
      <j2ee:xml-element-name>Imprint</j2ee:xml-element-name>
    </j2ee:variable-mapping>
    <j2ee:variable-mapping>
      <j2ee:java-variable-name>ProjectNumber</j2ee:java-variable-name>
      <j2ee:xml-element-name>ProjectNumber</j2ee:xml-element-name>
    </j2ee:variable-mapping>
    <j2ee:variable-mapping>
      <j2ee:java-variable-name>ArchieID</j2ee:java-variable-name>
      <j2ee:xml-element-name>ArchieID</j2ee:xml-element-name>
    </j2ee:variable-mapping>
    <j2ee:variable-mapping>
      <j2ee:java-variable-name>Description</j2ee:java-variable-name>
      <j2ee:xml-element-name>Description</j2ee:xml-element-name>
    </j2ee:variable-mapping>
    <j2ee:variable-mapping>
      <j2ee:java-variable-name>Title</j2ee:java-variable-name>
      <j2ee:xml-element-name>Title</j2ee:xml-element-name>
    </j2ee:variable-mapping>
    <j2ee:variable-mapping>
      <j2ee:java-variable-name>IsValid</j2ee:java-variable-name>
      <j2ee:xml-element-name>IsValid</j2ee:xml-element-name>
    </j2ee:variable-mapping>
  </j2ee:java-xml-type-mapping>
  <j2ee:java-xml-type-mapping>
    <j2ee:java-type>net.umusic.milestone.alps.ArrayOfdcDistributionCoData</j2ee:java-type>
    <j2ee:root-type-qname xmlns:alps="http://alps.milestone.umusic.net/">alps:ArrayOfdcDistributionCoData</j2ee:root-type-qname>
    <j2ee:qname-scope>complexType</j2ee:qname-scope>
    <j2ee:variable-mapping>
      <j2ee:java-variable-name>DcDistributionCoData</j2ee:java-variable-name>
      <j2ee:xml-element-name>dcDistributionCoData</j2ee:xml-element-name>
    </j2ee:variable-mapping>
  </j2ee:java-xml-type-mapping>
  <j2ee:java-xml-type-mapping>
    <j2ee:java-type>net.umusic.milestone.alps.DcGDRSResults</j2ee:java-type>
    <j2ee:root-type-qname xmlns:alps="http://alps.milestone.umusic.net/">alps:dcGDRSResults</j2ee:root-type-qname>
    <j2ee:qname-scope>complexType</j2ee:qname-scope>
    <j2ee:variable-mapping>
      <j2ee:java-variable-name>ReleaseID</j2ee:java-variable-name>
      <j2ee:xml-element-name>ReleaseID</j2ee:xml-element-name>
    </j2ee:variable-mapping>
    <j2ee:variable-mapping>
      <j2ee:java-variable-name>Status</j2ee:java-variable-name>
      <j2ee:xml-element-name>Status</j2ee:xml-element-name>
    </j2ee:variable-mapping>
    <j2ee:variable-mapping>
      <j2ee:java-variable-name>ForceNoDigitalRelease</j2ee:java-variable-name>
      <j2ee:xml-element-name>ForceNoDigitalRelease</j2ee:xml-element-name>
    </j2ee:variable-mapping>
    <j2ee:variable-mapping>
      <j2ee:java-variable-name>ExceptionMessage</j2ee:java-variable-name>
      <j2ee:xml-element-name>ExceptionMessage</j2ee:xml-element-name>
    </j2ee:variable-mapping>
  </j2ee:java-xml-type-mapping>
  <j2ee:java-xml-type-mapping>
    <j2ee:java-type>net.umusic.milestone.alps.DcProjectSearchResults</j2ee:java-type>
    <j2ee:root-type-qname xmlns:alps="http://alps.milestone.umusic.net/">alps:dcProjectSearchResults</j2ee:root-type-qname>
    <j2ee:qname-scope>complexType</j2ee:qname-scope>
    <j2ee:variable-mapping>
      <j2ee:java-variable-name>Artist_First_Name</j2ee:java-variable-name>
      <j2ee:xml-element-name>Artist_First_Name</j2ee:xml-element-name>
    </j2ee:variable-mapping>
    <j2ee:variable-mapping>
      <j2ee:java-variable-name>Artist_Last_Name_Group_Name</j2ee:java-variable-name>
      <j2ee:xml-element-name>Artist_Last_Name_Group_Name</j2ee:xml-element-name>
    </j2ee:variable-mapping>
    <j2ee:variable-mapping>
      <j2ee:java-variable-name>Project_ID</j2ee:java-variable-name>
      <j2ee:xml-element-name>Project_ID</j2ee:xml-element-name>
    </j2ee:variable-mapping>
    <j2ee:variable-mapping>
      <j2ee:java-variable-name>Project_Title</j2ee:java-variable-name>
      <j2ee:xml-element-name>Project_Title</j2ee:xml-element-name>
    </j2ee:variable-mapping>
    <j2ee:variable-mapping>
      <j2ee:java-variable-name>Project_Description</j2ee:java-variable-name>
      <j2ee:xml-element-name>Project_Description</j2ee:xml-element-name>
    </j2ee:variable-mapping>
    <j2ee:variable-mapping>
      <j2ee:java-variable-name>Create_Date</j2ee:java-variable-name>
      <j2ee:xml-element-name>Create_Date</j2ee:xml-element-name>
    </j2ee:variable-mapping>
    <j2ee:variable-mapping>
      <j2ee:java-variable-name>Archimedes_ID</j2ee:java-variable-name>
      <j2ee:xml-element-name>Archimedes_ID</j2ee:xml-element-name>
    </j2ee:variable-mapping>
    <j2ee:variable-mapping>
      <j2ee:java-variable-name>JDE_Project_</j2ee:java-variable-name>
      <j2ee:xml-element-name>JDE_Project_</j2ee:xml-element-name>
    </j2ee:variable-mapping>
    <j2ee:variable-mapping>
      <j2ee:java-variable-name>RMS_Project_</j2ee:java-variable-name>
      <j2ee:xml-element-name>RMS_Project_</j2ee:xml-element-name>
    </j2ee:variable-mapping>
    <j2ee:variable-mapping>
      <j2ee:java-variable-name>Imprint</j2ee:java-variable-name>
      <j2ee:xml-element-name>Imprint</j2ee:xml-element-name>
    </j2ee:variable-mapping>
    <j2ee:variable-mapping>
      <j2ee:java-variable-name>Active</j2ee:java-variable-name>
      <j2ee:xml-element-name>Active</j2ee:xml-element-name>
    </j2ee:variable-mapping>
    <j2ee:variable-mapping>
      <j2ee:java-variable-name>ArtistRosterActivity</j2ee:java-variable-name>
      <j2ee:xml-element-name>ArtistRosterActivity</j2ee:xml-element-name>
    </j2ee:variable-mapping>
  </j2ee:java-xml-type-mapping>
  <j2ee:java-xml-type-mapping>
    <j2ee:java-type>com.microsoft.schemas.x2003.x10.serialization.arrays.ArrayOfint</j2ee:java-type>
    <j2ee:root-type-qname xmlns:arr="http://schemas.microsoft.com/2003/10/Serialization/Arrays">arr:ArrayOfint</j2ee:root-type-qname>
    <j2ee:qname-scope>complexType</j2ee:qname-scope>
    <j2ee:variable-mapping>
      <j2ee:java-variable-name>Int</j2ee:java-variable-name>
      <j2ee:xml-element-name>int</j2ee:xml-element-name>
    </j2ee:variable-mapping>
  </j2ee:java-xml-type-mapping>
  <j2ee:java-xml-type-mapping>
    <j2ee:java-type>net.umusic.milestone.alps.DcDistributionCoData</j2ee:java-type>
    <j2ee:root-type-qname xmlns:alps="http://alps.milestone.umusic.net/">alps:dcDistributionCoData</j2ee:root-type-qname>
    <j2ee:qname-scope>complexType</j2ee:qname-scope>
    <j2ee:variable-mapping>
      <j2ee:java-variable-name>Name</j2ee:java-variable-name>
      <j2ee:xml-element-name>Name</j2ee:xml-element-name>
    </j2ee:variable-mapping>
    <j2ee:variable-mapping>
      <j2ee:java-variable-name>ID</j2ee:java-variable-name>
      <j2ee:xml-element-name>ID</j2ee:xml-element-name>
    </j2ee:variable-mapping>
    <j2ee:variable-mapping>
      <j2ee:java-variable-name>SortOrder</j2ee:java-variable-name>
      <j2ee:xml-element-name>SortOrder</j2ee:xml-element-name>
    </j2ee:variable-mapping>
  </j2ee:java-xml-type-mapping>
  <j2ee:service-interface-mapping>
    <j2ee:service-interface>net.umusic.milestone.alps.ArchimedesProject</j2ee:service-interface>
    <j2ee:wsdl-service-name xmlns:tem="http://tempuri.org/">tem:ArchimedesProject</j2ee:wsdl-service-name>
    <j2ee:port-mapping>
      <j2ee:port-name>basicAP</j2ee:port-name>
      <j2ee:java-port-name>BasicAP</j2ee:java-port-name>
    </j2ee:port-mapping>
  </j2ee:service-interface-mapping>
  <j2ee:service-endpoint-interface-mapping>
    <j2ee:service-endpoint-interface>net.umusic.milestone.alps.IArchimedesProject</j2ee:service-endpoint-interface>
    <j2ee:wsdl-port-type xmlns:alps="http://alps.milestone.umusic.net/">alps:IArchimedesProject</j2ee:wsdl-port-type>
    <j2ee:wsdl-binding xmlns:tem="http://tempuri.org/">tem:basicAP</j2ee:wsdl-binding>
    <j2ee:service-endpoint-method-mapping>
      <j2ee:java-method-name>projectSearchGetDataContract</j2ee:java-method-name>
      <j2ee:wsdl-operation>ProjectSearchGetDataContract</j2ee:wsdl-operation>
      <j2ee:wrapped-element></j2ee:wrapped-element>
      <j2ee:method-param-parts-mapping>
        <j2ee:param-position>0</j2ee:param-position>
        <j2ee:param-type>net.umusic.milestone.alps.DcProjectSearchFilter</j2ee:param-type>
        <j2ee:wsdl-message-mapping>
          <j2ee:wsdl-message xmlns:alps="http://alps.milestone.umusic.net/">alps:IArchimedesProject_ProjectSearchGetDataContract_InputMessage</j2ee:wsdl-message>
          <j2ee:wsdl-message-part-name>searchParam</j2ee:wsdl-message-part-name>
          <j2ee:parameter-mode>IN</j2ee:parameter-mode>
        </j2ee:wsdl-message-mapping>
      </j2ee:method-param-parts-mapping>
      <j2ee:wsdl-return-value-mapping>
        <j2ee:method-return-value>net.umusic.milestone.alps.ArrayOfdcProjectSearchResults</j2ee:method-return-value>
        <j2ee:wsdl-message xmlns:alps="http://alps.milestone.umusic.net/">alps:IArchimedesProject_ProjectSearchGetDataContract_OutputMessage</j2ee:wsdl-message>
        <j2ee:wsdl-message-part-name>ProjectSearchGetDataContractResult</j2ee:wsdl-message-part-name>
      </j2ee:wsdl-return-value-mapping>
    </j2ee:service-endpoint-method-mapping>
    <j2ee:service-endpoint-method-mapping>
      <j2ee:java-method-name>projectSearchUMVDGetDataContract</j2ee:java-method-name>
      <j2ee:wsdl-operation>ProjectSearchUMVDGetDataContract</j2ee:wsdl-operation>
      <j2ee:wrapped-element></j2ee:wrapped-element>
      <j2ee:method-param-parts-mapping>
        <j2ee:param-position>0</j2ee:param-position>
        <j2ee:param-type>net.umusic.milestone.alps.DcProjectSearchFilter</j2ee:param-type>
        <j2ee:wsdl-message-mapping>
          <j2ee:wsdl-message xmlns:alps="http://alps.milestone.umusic.net/">alps:IArchimedesProject_ProjectSearchUMVDGetDataContract_InputMessage</j2ee:wsdl-message>
          <j2ee:wsdl-message-part-name>searchParam</j2ee:wsdl-message-part-name>
          <j2ee:parameter-mode>IN</j2ee:parameter-mode>
        </j2ee:wsdl-message-mapping>
      </j2ee:method-param-parts-mapping>
      <j2ee:wsdl-return-value-mapping>
        <j2ee:method-return-value>net.umusic.milestone.alps.ArrayOfdcProjectSearchResults</j2ee:method-return-value>
        <j2ee:wsdl-message xmlns:alps="http://alps.milestone.umusic.net/">alps:IArchimedesProject_ProjectSearchUMVDGetDataContract_OutputMessage</j2ee:wsdl-message>
        <j2ee:wsdl-message-part-name>ProjectSearchUMVDGetDataContractResult</j2ee:wsdl-message-part-name>
      </j2ee:wsdl-return-value-mapping>
    </j2ee:service-endpoint-method-mapping>
    <j2ee:service-endpoint-method-mapping>
      <j2ee:java-method-name>projectNumberValidationGet</j2ee:java-method-name>
      <j2ee:wsdl-operation>ProjectNumberValidationGet</j2ee:wsdl-operation>
      <j2ee:wrapped-element></j2ee:wrapped-element>
      <j2ee:method-param-parts-mapping>
        <j2ee:param-position>0</j2ee:param-position>
        <j2ee:param-type>java.lang.String</j2ee:param-type>
        <j2ee:wsdl-message-mapping>
          <j2ee:wsdl-message xmlns:alps="http://alps.milestone.umusic.net/">alps:IArchimedesProject_ProjectNumberValidationGet_InputMessage</j2ee:wsdl-message>
          <j2ee:wsdl-message-part-name>projectNumber</j2ee:wsdl-message-part-name>
          <j2ee:parameter-mode>IN</j2ee:parameter-mode>
        </j2ee:wsdl-message-mapping>
      </j2ee:method-param-parts-mapping>
      <j2ee:wsdl-return-value-mapping>
        <j2ee:method-return-value>java.lang.Boolean</j2ee:method-return-value>
        <j2ee:wsdl-message xmlns:alps="http://alps.milestone.umusic.net/">alps:IArchimedesProject_ProjectNumberValidationGet_OutputMessage</j2ee:wsdl-message>
        <j2ee:wsdl-message-part-name>ProjectNumberValidationGetResult</j2ee:wsdl-message-part-name>
      </j2ee:wsdl-return-value-mapping>
    </j2ee:service-endpoint-method-mapping>
    <j2ee:service-endpoint-method-mapping>
      <j2ee:java-method-name>labelDataGetDataContractById</j2ee:java-method-name>
      <j2ee:wsdl-operation>LabelDataGetDataContractById</j2ee:wsdl-operation>
      <j2ee:wrapped-element></j2ee:wrapped-element>
      <j2ee:method-param-parts-mapping>
        <j2ee:param-position>0</j2ee:param-position>
        <j2ee:param-type>java.lang.Integer</j2ee:param-type>
        <j2ee:wsdl-message-mapping>
          <j2ee:wsdl-message xmlns:alps="http://alps.milestone.umusic.net/">alps:IArchimedesProject_LabelDataGetDataContractById_InputMessage</j2ee:wsdl-message>
          <j2ee:wsdl-message-part-name>labelID</j2ee:wsdl-message-part-name>
          <j2ee:parameter-mode>IN</j2ee:parameter-mode>
        </j2ee:wsdl-message-mapping>
      </j2ee:method-param-parts-mapping>
      <j2ee:wsdl-return-value-mapping>
        <j2ee:method-return-value>net.umusic.milestone.alps.DcLabelData</j2ee:method-return-value>
        <j2ee:wsdl-message xmlns:alps="http://alps.milestone.umusic.net/">alps:IArchimedesProject_LabelDataGetDataContractById_OutputMessage</j2ee:wsdl-message>
        <j2ee:wsdl-message-part-name>LabelDataGetDataContractByIdResult</j2ee:wsdl-message-part-name>
      </j2ee:wsdl-return-value-mapping>
    </j2ee:service-endpoint-method-mapping>
    <j2ee:service-endpoint-method-mapping>
      <j2ee:java-method-name>labelDataGetDataContract</j2ee:java-method-name>
      <j2ee:wsdl-operation>LabelDataGetDataContract</j2ee:wsdl-operation>
      <j2ee:wrapped-element></j2ee:wrapped-element>
      <j2ee:wsdl-return-value-mapping>
        <j2ee:method-return-value>net.umusic.milestone.alps.ArrayOfdcLabelData</j2ee:method-return-value>
        <j2ee:wsdl-message xmlns:alps="http://alps.milestone.umusic.net/">alps:IArchimedesProject_LabelDataGetDataContract_OutputMessage</j2ee:wsdl-message>
        <j2ee:wsdl-message-part-name>LabelDataGetDataContractResult</j2ee:wsdl-message-part-name>
      </j2ee:wsdl-return-value-mapping>
    </j2ee:service-endpoint-method-mapping>
    <j2ee:service-endpoint-method-mapping>
      <j2ee:java-method-name>projectGetByID</j2ee:java-method-name>
      <j2ee:wsdl-operation>ProjectGetByID</j2ee:wsdl-operation>
      <j2ee:wrapped-element></j2ee:wrapped-element>
      <j2ee:method-param-parts-mapping>
        <j2ee:param-position>0</j2ee:param-position>
        <j2ee:param-type>java.lang.Integer</j2ee:param-type>
        <j2ee:wsdl-message-mapping>
          <j2ee:wsdl-message xmlns:alps="http://alps.milestone.umusic.net/">alps:IArchimedesProject_ProjectGetByID_InputMessage</j2ee:wsdl-message>
          <j2ee:wsdl-message-part-name>ArchieID</j2ee:wsdl-message-part-name>
          <j2ee:parameter-mode>IN</j2ee:parameter-mode>
        </j2ee:wsdl-message-mapping>
      </j2ee:method-param-parts-mapping>
      <j2ee:wsdl-return-value-mapping>
        <j2ee:method-return-value>net.umusic.milestone.alps.DsProjectStructureInterface</j2ee:method-return-value>
        <j2ee:wsdl-message xmlns:alps="http://alps.milestone.umusic.net/">alps:IArchimedesProject_ProjectGetByID_OutputMessage</j2ee:wsdl-message>
        <j2ee:wsdl-message-part-name>ProjectGetByIDResult</j2ee:wsdl-message-part-name>
      </j2ee:wsdl-return-value-mapping>
    </j2ee:service-endpoint-method-mapping>
    <j2ee:service-endpoint-method-mapping>
      <j2ee:java-method-name>labelGetByID</j2ee:java-method-name>
      <j2ee:wsdl-operation>LabelGetByID</j2ee:wsdl-operation>
      <j2ee:wrapped-element></j2ee:wrapped-element>
      <j2ee:method-param-parts-mapping>
        <j2ee:param-position>0</j2ee:param-position>
        <j2ee:param-type>java.lang.Integer</j2ee:param-type>
        <j2ee:wsdl-message-mapping>
          <j2ee:wsdl-message xmlns:alps="http://alps.milestone.umusic.net/">alps:IArchimedesProject_LabelGetByID_InputMessage</j2ee:wsdl-message>
          <j2ee:wsdl-message-part-name>archieID</j2ee:wsdl-message-part-name>
          <j2ee:parameter-mode>IN</j2ee:parameter-mode>
        </j2ee:wsdl-message-mapping>
      </j2ee:method-param-parts-mapping>
      <j2ee:wsdl-return-value-mapping>
        <j2ee:method-return-value>net.umusic.milestone.alps.DsLabelStructureInterface</j2ee:method-return-value>
        <j2ee:wsdl-message xmlns:alps="http://alps.milestone.umusic.net/">alps:IArchimedesProject_LabelGetByID_OutputMessage</j2ee:wsdl-message>
        <j2ee:wsdl-message-part-name>LabelGetByIDResult</j2ee:wsdl-message-part-name>
      </j2ee:wsdl-return-value-mapping>
    </j2ee:service-endpoint-method-mapping>
    <j2ee:service-endpoint-method-mapping>
      <j2ee:java-method-name>projectSearchValidation</j2ee:java-method-name>
      <j2ee:wsdl-operation>ProjectSearchValidation</j2ee:wsdl-operation>
      <j2ee:wrapped-element></j2ee:wrapped-element>
      <j2ee:method-param-parts-mapping>
        <j2ee:param-position>0</j2ee:param-position>
        <j2ee:param-type>java.lang.String</j2ee:param-type>
        <j2ee:wsdl-message-mapping>
          <j2ee:wsdl-message xmlns:alps="http://alps.milestone.umusic.net/">alps:IArchimedesProject_ProjectSearchValidation_InputMessage</j2ee:wsdl-message>
          <j2ee:wsdl-message-part-name>projectNumber</j2ee:wsdl-message-part-name>
          <j2ee:parameter-mode>IN</j2ee:parameter-mode>
        </j2ee:wsdl-message-mapping>
      </j2ee:method-param-parts-mapping>
      <j2ee:method-param-parts-mapping>
        <j2ee:param-position>1</j2ee:param-position>
        <j2ee:param-type>java.lang.Boolean</j2ee:param-type>
        <j2ee:wsdl-message-mapping>
          <j2ee:wsdl-message xmlns:alps="http://alps.milestone.umusic.net/">alps:IArchimedesProject_ProjectSearchValidation_InputMessage</j2ee:wsdl-message>
          <j2ee:wsdl-message-part-name>IsUMVD</j2ee:wsdl-message-part-name>
          <j2ee:parameter-mode>IN</j2ee:parameter-mode>
        </j2ee:wsdl-message-mapping>
      </j2ee:method-param-parts-mapping>
      <j2ee:wsdl-return-value-mapping>
        <j2ee:method-return-value>net.umusic.milestone.alps.ProjectNumberValidResults</j2ee:method-return-value>
        <j2ee:wsdl-message xmlns:alps="http://alps.milestone.umusic.net/">alps:IArchimedesProject_ProjectSearchValidation_OutputMessage</j2ee:wsdl-message>
        <j2ee:wsdl-message-part-name>ProjectSearchValidationResult</j2ee:wsdl-message-part-name>
      </j2ee:wsdl-return-value-mapping>
    </j2ee:service-endpoint-method-mapping>
    <j2ee:service-endpoint-method-mapping>
      <j2ee:java-method-name>distributionCoGetDataContract</j2ee:java-method-name>
      <j2ee:wsdl-operation>DistributionCoGetDataContract</j2ee:wsdl-operation>
      <j2ee:wrapped-element></j2ee:wrapped-element>
      <j2ee:wsdl-return-value-mapping>
        <j2ee:method-return-value>net.umusic.milestone.alps.ArrayOfdcDistributionCoData</j2ee:method-return-value>
        <j2ee:wsdl-message xmlns:alps="http://alps.milestone.umusic.net/">alps:IArchimedesProject_DistributionCoGetDataContract_OutputMessage</j2ee:wsdl-message>
        <j2ee:wsdl-message-part-name>DistributionCoGetDataContractResult</j2ee:wsdl-message-part-name>
      </j2ee:wsdl-return-value-mapping>
    </j2ee:service-endpoint-method-mapping>
    <j2ee:service-endpoint-method-mapping>
      <j2ee:java-method-name>milestoneSnapshotProjectInsert</j2ee:java-method-name>
      <j2ee:wsdl-operation>MilestoneSnapshotProjectInsert</j2ee:wsdl-operation>
      <j2ee:wrapped-element></j2ee:wrapped-element>
      <j2ee:method-param-parts-mapping>
        <j2ee:param-position>0</j2ee:param-position>
        <j2ee:param-type>java.lang.String</j2ee:param-type>
        <j2ee:wsdl-message-mapping>
          <j2ee:wsdl-message xmlns:alps="http://alps.milestone.umusic.net/">alps:IArchimedesProject_MilestoneSnapshotProjectInsert_InputMessage</j2ee:wsdl-message>
          <j2ee:wsdl-message-part-name>projectID</j2ee:wsdl-message-part-name>
          <j2ee:parameter-mode>IN</j2ee:parameter-mode>
        </j2ee:wsdl-message-mapping>
      </j2ee:method-param-parts-mapping>
      <j2ee:wsdl-return-value-mapping>
        <j2ee:method-return-value>java.lang.Boolean</j2ee:method-return-value>
        <j2ee:wsdl-message xmlns:alps="http://alps.milestone.umusic.net/">alps:IArchimedesProject_MilestoneSnapshotProjectInsert_OutputMessage</j2ee:wsdl-message>
        <j2ee:wsdl-message-part-name>MilestoneSnapshotProjectInsertResult</j2ee:wsdl-message-part-name>
      </j2ee:wsdl-return-value-mapping>
    </j2ee:service-endpoint-method-mapping>
    <j2ee:service-endpoint-method-mapping>
      <j2ee:java-method-name>gDRSProductStatusGet</j2ee:java-method-name>
      <j2ee:wsdl-operation>GDRSProductStatusGet</j2ee:wsdl-operation>
      <j2ee:wrapped-element></j2ee:wrapped-element>
      <j2ee:method-param-parts-mapping>
        <j2ee:param-position>0</j2ee:param-position>
        <j2ee:param-type>java.lang.Integer</j2ee:param-type>
        <j2ee:wsdl-message-mapping>
          <j2ee:wsdl-message xmlns:alps="http://alps.milestone.umusic.net/">alps:IArchimedesProject_GDRSProductStatusGet_InputMessage</j2ee:wsdl-message>
          <j2ee:wsdl-message-part-name>releaseID</j2ee:wsdl-message-part-name>
          <j2ee:parameter-mode>IN</j2ee:parameter-mode>
        </j2ee:wsdl-message-mapping>
      </j2ee:method-param-parts-mapping>
      <j2ee:method-param-parts-mapping>
        <j2ee:param-position>1</j2ee:param-position>
        <j2ee:param-type>java.lang.Integer</j2ee:param-type>
        <j2ee:wsdl-message-mapping>
          <j2ee:wsdl-message xmlns:alps="http://alps.milestone.umusic.net/">alps:IArchimedesProject_GDRSProductStatusGet_InputMessage</j2ee:wsdl-message>
          <j2ee:wsdl-message-part-name>releaseFamilyID</j2ee:wsdl-message-part-name>
          <j2ee:parameter-mode>IN</j2ee:parameter-mode>
        </j2ee:wsdl-message-mapping>
      </j2ee:method-param-parts-mapping>
      <j2ee:method-param-parts-mapping>
        <j2ee:param-position>2</j2ee:param-position>
        <j2ee:param-type>java.lang.Integer</j2ee:param-type>
        <j2ee:wsdl-message-mapping>
          <j2ee:wsdl-message xmlns:alps="http://alps.milestone.umusic.net/">alps:IArchimedesProject_GDRSProductStatusGet_InputMessage</j2ee:wsdl-message>
          <j2ee:wsdl-message-part-name>environmentID</j2ee:wsdl-message-part-name>
          <j2ee:parameter-mode>IN</j2ee:parameter-mode>
        </j2ee:wsdl-message-mapping>
      </j2ee:method-param-parts-mapping>
      <j2ee:wsdl-return-value-mapping>
        <j2ee:method-return-value>net.umusic.milestone.alps.DcGDRSResults</j2ee:method-return-value>
        <j2ee:wsdl-message xmlns:alps="http://alps.milestone.umusic.net/">alps:IArchimedesProject_GDRSProductStatusGet_OutputMessage</j2ee:wsdl-message>
        <j2ee:wsdl-message-part-name>GDRSProductStatusGetResult</j2ee:wsdl-message-part-name>
      </j2ee:wsdl-return-value-mapping>
    </j2ee:service-endpoint-method-mapping>
  </j2ee:service-endpoint-interface-mapping>
</j2ee:java-wsdl-mapping>
